era_code,doi,author,journal,n_rows_raw
AC0019,10.1016/j.tfp.2022.100245,Etafa,"TREES, FOR PEOPLE",24
AC0030.1,10.1017/S0014479718000297,Ndoli,EXP AGR,40
AC0043,10.1371/journal.pone.0257203,Bitew,PLOS ONE,12
AC0048,10.1016/j.geoderma.2021.115523,Fenta,GEODERMA,66
AC0056,10.1016/j.agee.2018.09.012,Kebede,AGR ECOSYST ENVIRON,45
AC0058,10.1016/j.heliyon.2021.e06074,Eijgu,HELIYON,108
AC0067,10.3390/agronomy11010017,Assefa,AGRON,11
AC0164,10.1515/opag-2021-0048,Hunegnaw,OPEN AGRIC,254
AC0173,10.3390/w11102103,Belay,WATER,2
AG0003,10.1016/j.iswcr.2018.06.001,Erkossa,INT SOIL WATER CONSERV RES,646
AG0005,10.3923/ja.2015.152.157,Endris,Journal of Agronomy,20
AG0011,10.3923/je.2014.225.237,Fite,Journal of Entomology,24
AG0016,10.4314/mejs.v10i1.9,Gebremeskel,Momona Ethiopian Journal of Science,24
AG0020,10.1016/j.iswcr.2017.06.005,Hishe,INT SOIL WATER CONSERV RES,6
AG0037,10.1155/2017/4767509,Teame,International Journal of Agronomy,80
AG0038,10.1515/opag-2018-0055,Shanka,Open Agriculture,3
AG0110,10.1007/s40899-018-0238-4,Gebremariam,Sustainable Water Resources Management,36
AG0113,10.1155/2018/5084056,Hailu,International Journal of Agronomy,72
AG0135,10.3390/land3031137,Dresen,Land,2
AG0137,10.4314/mejs.v10i2.4,Tsegay,Momona Ethiopian Journal of Science,132
AN0028,10.1080/01904167.2016.1262414,Argaw,J PLANT NUTR,40
AN0031,10.1002/ldr.2182,Adimassu,LAND DEGRAD DEV,12
AN0033,10.1155/2017/6827323,Berihun,International Journal of Agronomy,24
AN0037,10.1186/s40066-018-0242-9,Belete,Agriculture and Food Security,46
AN0050,10.3390/agronomy7020042,Zerihun,AGRON J-BASEL,108
AN0057,http://www.lrrd.org/lrrd30/8/desta30149.html,Tekle,Livestock Research for Rural Development,5
AN0065,www.researchgate.net/publication/286125672,Tarekegn,LIVESTOCKÂ RESÂ RURALÂ DEVÂ,6
AN0078,10.1002/ldr.2814,Taye,LAND DEGRAD DEV,45
AN0085,10.1017/S0014479715000125,Sime,EXP AGR,61
AN0091,10.1016/j.agee.2018.01.035,Wolde-meskel,AGR ECOSYST ENVIRON,16
AN0095,10.3923/ajcs.2014.273.280,Yesuf,ASIAN J CROP SCI,37
AN0106,10.1016/j.scienta.2016.05.011,Tabor,SCI HORTIC-AMSTERDAM,24
AN0115,10.1016/j.agwat.2014.10.004,Tesfahunegn,AGR WATER MANAGE,26
AN0116,10.1016/j.agwat.2014.11.014,Tsegay,AGR WATER MANAGE,45
CJ0005,10.2134/agronj2011.0181,Orebo,HELIYON,50
CJ0007,10.1080/03650340.2023.2175352,Tadesse,ARCH ACKER PFL BODEN,80
CJ0011,10.1002/agj2.21143,Yimer,AGRON J,148
CJ0034,10.1515/biol-2022-0537,Dela,OPEN LIFE SCI,60
CJ0053,10.1017/S0014479709990457,Bayisa,AIR SOIL WATER RES,24
CJ0075,10.3390/agronomy13010115,Mupangwa,AGRON J-BASEL,11
CJ0081,10.3390/land11060784,Asaye,LAND,28
CJ0088,10.1080/23311932.2020.1728084,Aleminew,CONGENT FOOD AGRIC,548
CJ0093,10.1002/agg2.20360,Gutema,AGR ECOSYST ENVIRON,150
CJ0105,10.1155/2022/1608499,Keba,ADV AGRIC,12
CJ0108,10.1155/2022/6987871,Temeche,ADV AGRIC,33
CJ0115,10.1007/s40093-018-0198-6,Tadesse,INT J RECYCL ORG WASTE AGRIC,100
CJ0133,10.1080/23311932.2018.1439663,Alemayehu,CONGENT FOOD AGRIC,360
CJ0139,10.1080/23311932.2019.1707038,Gezahegn,CONGENT FOOD AGRIC,40
CJ0144,10.1080/01904167.2020.1771574,Aleminew A.,J PLANT NUTR,140
CJ0148,10.1080/23311932.2020.1724385,Alemayehu,CONGENT FOOD AGRIC,117
CJ0152,10.1007/s00344-022-10741-y,Alemayehu,J PLANT GROWTH REGUL,62
CJ0154,10.1017/S0014479721000296,Kihara,EXP AGR,92
CJ0157,10.2174/1874331501812010194,Tekeste N.,OPEN AGRIC,210
CJ0161,10.1007/s42106-022-00187-3,Alemayehu,INT J PLANT PROD,30
CJ0177,10.1016/j.heliyon.2022.e10433,Keba,HELIYON,9
CJ0178,10.1007/s40011-022-01384-w,Kassa,Proceedings of the National Academy of Sciences India Section B - Biological Sciences,34
CJ0179,10.1155/2019/7804621,Baraki,INT J AGRON,33
CJ0182.1,10.1017/S0014479722000072,Desta G.,EXP AGR,126
CJ0183,10.1016/j.jafr.2022.100400,Mijena,J AGRIC FOOD RES,45
CJ0190,10.3390/W12040947,Yimam A.Y.,WATER,6
CJ0191,10.1155/2022/9031999,Mihiretu,ADV AGRIC,80
CJ0192,10.1007/s12892-019-0080-0,Kassie M.,J CROP SCI BIOTECHNOL,24
CJ0196,10.17930/AGL2022229,Tarekegn,AGROLIFE SCI J,181
CJ0201,10.1080/00103624.2022.2130938,Gelu,COMMUN SOIL SCI PLAN,30
CJ0203,10.1155/2020/8869098,Kassaye,INT J AGRON,30
DK0012,10.1016/j.scitotenv.2016.05.033,Agegnehu,SCI TOTAL ENVIRON,706
DK0014,10.1016/j.still.2016.02.003,Agegnehu,SOIL TILL RES,166
DK0031,10.1016/j.fcr.2018.03.003,Ndoli,FIELD CROP RES,20
DK0039,10.1111/jph.12514,Hirut,J PHYTOPATHOL,54
DK0044,10.1016/j.still.2014.11.009,Araya,SOIL TILL RES,40
DK0045,10.1016/j.agwat.2017.08.009,Grum,AGR WATER MANAGE,30
DK0054,10.1016/j.still.2016.05.011,Araya,SOIL TILL RES,10
DK0055,10.1016/j.agee.2014.06.017,Bedada,AGR ECOSYST ENVIRON,36
DK0056,10.1016/j.agee.2015.11.024,Bedada,AGR ECOSYST ENVIRON,21
DK0057,10.1002/jpln.201600343,Berihun,J PLANT NUTR SOIL SC,54
DK0058,10.1007/s10681-018-2210-7,Beyene,EUPHYTICA,20
DK0086,10.2134/agronj2017.07.0384,Liben,AGRON J,12
DK0088,10.1016/j.jenvman.2017.11.044,Jemberu,J ENVIRON MANAGE,3
DK0096,10.1016/j.agee.2013.08.020,Baudron,AGR ECOSYST ENVIRON,1
DK0113,10.1016/j.catena.2018.05.035,Melaku,CATENA,1
DK0119,10.1016/j.agwat.2017.08.022,Mohamed,AGR WATER MANAGE,1
DK0125,10.1016/j.agwat.2014.01.012,Ambachew,AGR WATER MANAGE,21
DK0136,10.1016/j.agee.2017.09.023,Negassa,AGR ECOSYST ENVIRON,66
DK0137,10.1016/j.agwat.2016.10.012,Assefa,AGR WATER MANAGE,12
DK0151,10.1007/s11368-017-1901-3,Melaku,Journal of Soils and Sediments,4
DM0006,10.5539/jas.v7n4p80,Silwana,J FOOD AGRIC ENVIRON,10
DM0016,10.1002/csc2.20862,Tehulie,CROP SCI,120
EO0016,10.1002/ldr.2603,Grum,LAND DEGRAD DEV,12
EO0032,0.1007/s11250-014-0582-9,Balehegn,Tropical Animal Health and Production,21
EO0037,10.1080/02723646.2016.1251734,Guteta,PROG PHYS GEOG,6
EO0041,www.lrrd.org/lrrd25/6/meka25104.htm,Mekasha,Livestock Research for Rural Development,23
EO0043,10.1080/02723646.2017.1302869,Sultan,PROG PHYS GEOG,6
EO0057,li01.tci-thaijo.org/index.php/anres/article/view/243030,Berhanu,Agriculture and Natural Resources,6
EO0059,www.lrrd.org/lrrd27/6/befe27114.html,Befekadu,LIVESTOCKÂ RESÂ RURALÂ DEVÂ,2
EO0061,10.1002/ldr.3109,Subhatu,LAND DEGRAD DEV,1
EO0066,10.1002/ldr.2261,Gelaw,J SCI FOOD AGR,4
EO0074,www.lrrd.org/lrrd29/4/atta29077.html,Gelgelo,Livestock Research for Rural Development,30
EO0077,10.1080/03650340.2013.878456,Minta,ARCH ACKER PFL BODEN,40
EO0078,www.lrrd.org/lrrd27/9/kida27180.html,Hintsa,Livestock Research for Rural Development,8
EO0095,10.1111/agec.12251,Jaleta,AGR ECON,4
EO0140,10.1016/j.serj.2017.09.003,Mamuye,Sustainable Environment Research,10
EO0142,10.1016/j.esd.2018.06.009,Benka,ENERGY SUSTAIN DEV,6
EO0147,10.1016/j.agwat.2016.09.002,Haileselassie,AGR WATER MANAGE,176
JO0002,10.1016/j.jafr.2022.100301,Wakwoya,Journal of Animal and Food Research,30
JO0011,10.1016/j.eja.2006.05.002,Agegnehu,EUR J AGRON,10
JO0013,10.1007/s10457-023-00807-5,Etafa,AGROFOREST SYST,18
JO0027,10.1007/s10457-018-0304-9,Dilla,AGROFOREST SYST,24
JO0037,10.1017/S0014479713000434,Worku,EXP AGR,28
JO0072,10.1016/j.foreco.2007.01.021,Muleta,FOREST ECOL MANAG,26
JO0089,10.1155/2019/6167384,Endris,INT J AGRON,131
JO0094,10.1155/2020/8853552,Elka,APPL ENVIRON SOIL SCI,139
JO0095,10.1007/s13199-017-0529-9,Samago,SYMBIOSIS,12
JO0101,10.1080/23311932.2021.1921951,Gebremedhin,CONGENT FOOD AGRIC,76
JO0102,10.1155/2023/7123826,Tufa,INT J AGRON,96
JO0104,10.1155/2022/8730191,Hunegnaw,INT J AGRON,58
JO0109,10.1016/j.eja.2020.126228,Kenea,EUR J AGRON,48
JO0114,10.1017/S0014479722000114,Chala,EXP AGR,420
JO0115,10.1080/23311932.2022.2097606,Kitila,CONGENT FOOD AGRIC,44
JO0119,10.5586/aa.1781,Mekonnen,ACTA AGROBOT,100
JO0122,10.5958/2229-4473.2018.00020.4,Gebremariam,VEGETOS,27
JO0123,10.1080/23311932.2019.1600461,Berhe,CONGENT FOOD AGRIC,39
JO0125,10.1007/s10457-021-00612-y,Mekonnen M.,AGROFOREST SYST,25
JO0126,10.18805/IJARe.A-285,Daba,INDIAN J AGRIC RES,6
JO0129,10.1017/S001447971800039X,Gebru,EXP AGR,72
JO0133,10.1002/agj2.20020,Liben,AGRON J,68
JO0137,10.1038/s41598-018-27762-x,Gebretsadik,Scientific Report,207
JO0138,10.1155/2022/2108401,Gelaye,SCI WORLD J,39
JO0149,10.1155/2022/4655590,Tadesse,ADV AGRIC,384
JO0152,10.1002/ldr.3816,Araya,LAND DEGRAD DEV,14
JO0156,10.1016/j.cropro.2022.105930,Bitew,CROP PROT,100
JO0175,10.1080/23311932.2020.1762979,Birhanu,CONGENT FOOD AGRIC,70
JO0176,10.1155/2022/7874717,Tesfaye,ADV AGRIC,28
JO0200,10.1007/s40899-018-0250-8,Welde,Sustainable Water Resource Mnagement,12
JS0225,10.1016/j.still.2008.09.013,Rockstrom J,SOIL TILL RES,28
JS0238,10.1007/s11250-008-9227-1,Abate D,TROP ANIM HEALTH PRO,12
JS0239,10.1017/S0308229600019401,Aboud AAO,P BRIT SOC ANIM PROD,5
JS0241,10.1016/j.agwat.2012.10.026,Adgo E,AGR WATER MANAGE,24
JS0242,10.1300/J064v26n02_04,Alemu G,J SUSTAIN AGR,145
JS0243,10.1007/s11250-009-9466-9,Alemu,Tropical Animal Health and Production,15
JS0244,10.1007/s003740000258,Amanuel G,BIOL FERT SOILS,12
JS0245,10.1017/s0014479710000803,Amede,EXP AGR,78
JS0246,10.1016/j.agwat.2010.01.012,Araya A,AGR WATER MANAGE,67
JS0247,10.1111/j.1475-2743.2011.00347.x,Araya T,SOIL USE MANAGE,12
JS0248,10.1016/j.fcr.2011.12.009,Araya,FIELD CROP RES,48
JS0249,10.1007/s11250-010-9591-5,Asmare,Tropical Animal Health and Production,9
JS0250,10.1016/0378-3774(91)90015-b,Astatke A,AGR WATER MANAGE,24
JS0251,10.1016/0378-3774(95)01131-2,Astatke A,AGR WATER MANAGE,72
JS0252,10.1016/s0378-3774(98)00029-8,Astatke A,AGR WATER MANAGE,73
JS0253,10.1016/s0167-8809(02)00225-6,Astatke A,AGR ECOSYST ENVIRON,18
JS0254,10.1017/s0014479704002029,Astatke A,EXP AGR,3
JS0256,10.4067/s0718-95162012005000007,Balemi T,J SOIL SCI PLANT NUT,96
JS0257,10.1007/bf00750570,Bekele T,FERT RES,72
JS0258,10.1016/j.agwat.2007.01.002,Bekele S,AGR WATER MANAGE,12
JS0260,10.1080/02571862.1998.10635130,Belay,S AFR J PLANT SOIL,168
JS0261,10.1007/s11250-008-9281-8,Betsha,Tropical Animal Health and Production,3
JS0262,10.1007/s11250-008-9138-1,Bishaw,Tropical Animal Health and Production,12
JS0263,10.1017/S0003356100007728,Bonsi,Animal Science,6
JS0265,10.1007/bf00712077,Bonsi,Agroforestry Systems,10
JS0268,10.2134/agronj2005-0148,Brhane G,AGRON J,36
JS0269,10.2307/4002969,Coppock DL,J RANGE MANAGE,12
JS0269.1,10.2307/4002969,Coppock,Journal of Range Management,12
JS0269.2,10.2307/4002969,Coppock,Journal of Range Management,4
JS0270,10.2307/4003682,Coppock,Journal of Range Management Archives,16
JS0271,10.1016/S0301-6226(00)00154-8,Dana,Livestock Production Science,12
JS0272,10.1016/j.anifeedsci.2008.03.014,Degu,Animal Feed Science and Technology,18
JS0273,10.1007/s11250-009-9496-3,Dessie,Tropical Animal Health and Production,9
JS0274.1,10.1079/sum2005319,Erkossa,SOIL USE MANAGE,36
JS0274.2,10.1016/j.still.2005.01.009,Erkossa,SOIL USE MANAGE,12
JS0275,10.1016/j.agwat.2009.07.004,Gadissa T,AGR WATER MANAGE,4
JS0276,10.1007/s11250-011-9927-9,Gebregiorgis,Tropical Animal Health and Production,5
JS0278,https://www.jarts.info/index.php/jarts/article/view/21/18,Gebrekidan,J AGR RURAL DEV TROP,28
JS0279,https://link.springer.com/article/10.1023/A:1009721411173,Gebrekidan,NUTR CYCL AGROECOSYS,44
JS0281,10.1016/0377-8401(94)90068-x,Getachew,Animal Feed Science and Technology,6
JS0283,10.1080/00103629509369391,Girma,COMMUN SOIL SCI PLAN,6
JS0284,10.1007/s10705-006-9028-8,Habtegebrial K,NUTR CYCL AGROECOSYS,126
JS0285,10.1007/s11250-008-9230-6,Hagos,Tropical Animal Health and Production,18
JS0286,,Hailu S,AFR J BIOTECHNOL,11
JS0287,10.1080/01904169809365540,Haque I,J PLANT NUTR,22
JS0289,10.1016/s0301-6226(97)00152-8,Kaitho RJ,LIVEST PROD SC,8
JS0289.1,10.1016/s0301-6226(97)00152-8,Kaitho,Livestock Production Science,8
JS0289.2,10.1016/s0301-6226(97)00152-8,Kaitho,Livestock Production Science,8
JS0291,10.1016/s0377-8401(97)00159-4,Kaitho,Animal Feed Science and Technology,16
JS0293,10.1007/s11250-014-0725-z,Diba,Tropical Animal Health and Production,9
JS0301,10.1186/s40066-018-0182-4,Mekuriaw,Agriculture and Food Security,12
JS0316,10.1007/s11250-013-0413-4,Bekele,Tropical Animal Health and Production,15
JS0374,10.1111/aje.12185,Habtemicael,African Journal of Ecology,12
JS0401,10.1007/s10705-013-9570-0,Demessie A,NUTR CYCL AGROECOSYS,35
JS0404,10.1016/0167-8809(95)00648-6,Haque I,AGR ECOSYST ENVIRON,10
LM0292,10.1016/j.livsci.2013.06.024,Alemayehu M,LIVEST SCI,16
LM0295,10.1007/s11250-014-0615-4,Yasin,Tropical Animal Health and Production,48
LM0297,10.1007/s11250-012-0227-9,Tesfay,Tropical Animal Health and Production,12
LM0298,10.1007/s11250-015-0901-9,Tefera,Tropical Animal Health and Production,24
LM0299,10.1016/j.smallrumres.2013.07.003,Tsegay,Small Ruminant Research,28
LM0303,10.1016/j.agrformet.2017.10.013,Sida TS,AGR FOREST METEOROL,15
LM0304,10.1007/s11676-014-0483-9,Tadele D,FERT RES,4
LM0305,10.1080/02723646.2013.832098,Taye G,PROG PHYS GEOG,15
NJ0008,10.1007/s11250-016-1031-8,Asmare,Tropical Animal Health and Production,12
NJ0029,www.researchgate.net/publication/260980852_Soil_test_Phosphorus_calibration_for_malting_barley_Hordeum_vulgare_L_production_on_Nitisols_of_Ethiopian_highlands/link/54c89f5c0cf289f0ced08386/download,Agegnehu,TROP AGR,22
NJ0032,10.1007/s11250-018-1577-8,Hintsa,Tropical Animal Health and Production,20
NJ0044,10.1007/s11250-018-1544-4,Negewo,Tropical Animal Health and Production,27
NJ0075,10.1080/03235408.2018.1482648,Sahile,ARCH PHYTOPATHOL PFL,9
NJ0098,10.1111/1477-9552.12221,Kassie,J AGR ECON,94
NJ0117,10.1017/s001447971400060x,Araya,EXP AGR,33
NJ0128,10.1007/s10705-014-9609-x,Nebiyu,NUTR CYCL AGROECOSYS,8
NJ0133,10.1007/s12665-018-7528-x,Mesfin,ENVIRON EARTH SCI,12
NJ0146,10.1016/j.reseneeco.2018.01.006,Gebreegziabher,RESOUR ENERGY ECON,3
NJ0150,10.1016/j.agwat.2016.01.003,Kifle,AGR WATER MANAGE,6
NJ0151,10.1017/S0021859616000897,Muluneh,J AGR SCI,80
NM0005,10.1016/j.heliyon.2021.e08657,Alemu,HELIYON,72
NM0040,10.1080/00103624.2023.2211107,Zerssa,COMMUN SOIL SCI PLAN,93
NM0070,10.1155/2023/5996945,Loha,APPL ENVIRON SOIL SCI,126
NM0078,10.1155/2022/7397872,Jibril,APPL ENVIRON SOIL SCI,69
NM0089,10.1007/s12892-019-0004-0,Kassie,J CROP SCI BIOTECHNOL,16
NM0094,10.1186/s40066-018-0245-6,Guji,AGRIC FOOD SECUR,94
NM0104,10.1007/s40899-022-00771-5,Eshete,Sustainable Water Resources Management,27
NM0114,10.1016/j.heliyon.2020.e05295,Baraki,HELIYON,288
NM0138,10.1080/23311932.2020.1771114,Golla,CONGENT FOOD AGRIC,16
NN0188,https://doi.org/10.1016/0377-8401(92)90062-B,Khalili,Animal Feed Science and Technology,3
NN0189,10.1017/s1751731108001912,Koralagama,Animal,40
NN0190,10.1017/S1357729800050657,Kurtu MY,ANIM SCI,18
NN0191,10.1007/bf00705245,Larbi A,AGROFOREST SYST,4
NN0192,,Lulu B,BODENKULTUR,24
NN0193.1,10.1007/s003740050482,Lupwayi NZ,BIOL FERT SOILS,4
NN0195,10.1016/j.still.2007.08.002,McHugh OV,SOIL TILL RES,109
NN0196,10.1016/j.livprodsci.2004.01.003,Melaku,Livestock Production Science,12
NN0197,10.1016/j.anifeedsci.2003.11.003,Melaku,Animal Feed Science and Technology,12
NN0198,10.1016/j.livsci.2013.08.012,Melesse,Livestock Science,20
NN0200,10.1007/s11250-008-9215-5,Nega,Tropical Animal Health and Production,12
NN0201,10.1016/0377-8401(95)00941-8,Nsahlai,Animal Feed Science Technology,4
NN0202,10.1016/s0377-8401(96)01048-6,Bonsi,Animal Feed Science and Technology,15
NN0203,10.1007/s11250-009-9491-8,Nurfeta,Tropical Animal Health and Production,6
NN0204,10.1016/j.livsci.2008.08.005,Nurfeta,Livestock Science,3
NN0205,DOI 10.1007/s11250-013-0527-8,Nurfeta,Tropical Animal Health and Production,15
NN0206,10.1016/j.still.2009.12.004,Oicha T,SOIL TILL RES,14
NN0207,10.1017/S1357729800016295,Osafo ELK,ANIM SCI,4
NN0208,10.1007/bf00141545,Poschen P,AGROFOREST SYST,11
NN0209,10.1111/j.1439-037X.2004.00126.x,Reda F,J AGRON CROP SCI,22
NN0210,10.1111/j.1439-037X.2004.00125.x,Reda F,J AGRON CROP SCI,24
NN0211,10.1016/j.livsci.2008.03.011,Solomon,Livestock Science,18
NN0212,10.1007/s11250-009-9475-8,Tafa,Tropical Animal Health and Production,12
NN0213,10.1016/0378-4290(93)90082-x,Tanner DG,FIELD CROP RES,3
NN0214,10.1017/S0003356100005225,Tanner,Animal Production,4
NN0215,10.1046/j.1439-037x.1999.00343.x,Tedla A,J AGRON CROP SCI,52
NN0216,10.1017/S0021859600068544,Tegegne,Journal of Agricultural Science,2
NN0217,10.1016/j.smallrumres.2006.10.004,Tegegne,Small Ruminant Research,8
NN0218,10.1007/s10705-006-9020-3,Teklay T,NUTR CYCL AGROECOSYS,32
NN0219,10.1016/j.still.2008.10.026,Temesgen M,SOIL TILL RES,22
NN0220,,Tesfaye SG,ISR J AQUACULT-BAMID,8
NN0221,10.2989/10220119.2010.530460,Tessema Z,AFR J RANGE FOR SCI,9
NN0222,,Tessema Z,TROP GRASSLANDS,30
NN0223,10.1007/s11250-013-0532-y,Tilahun,Tropical Animal Health and Production,2
NN0224,10.1016/s0377-8401(00)00135-8,Tolera,Animal Feed Science and Technology,9
NN0225,10.1002/jpln.200521781,Tulema B,Z PFLANZ BODENKUNDE,32
NN0226,10.1016/0921-4488(95)00686-f,Umunna NN,SMALL RUMINANT RES,4
NN0227,10.1080/09712119.1997.9706177,Umunna,Journal of Applied Animal Research,7
NN0228,10.1016/0377-8401(93)90160-l,Varvikko T,ANIM FEED SCI TECH,3
NN0229,10.1016/j.smallrumres.2011.07.014,Wallie,Small Ruminant Research,30
NN0230,,Wiegand R,TROP AGR,6
NN0231,10.21273/HORTSCI.38.2.217,Woldetsadik K,HORTSCIENCE,12
NN0232,10.2134/agronj2010.0493,Workayehu,CROP ECON PROD MANAG,40
NN0233,10.1016/j.livsci.2008.02.007,Yayneshet,Livestock Science,12
NN0234,10.1007/s11250-011-0066-0,Yeheyis,Tropical Animal Health and Production,8
NN0235,10.1046/j.1439-037X.2003.00595.x,Yemane A,J AGRON CROP SCI,8
NN0236,10.1007/s11250-011-9916-z,Yinnesu,Tropical Animal Health and Production,40
NN0237,10.1080/00103629909370272,Yohannes F,COMMUN SOIL SCI PLAN,6
NN0238,10.1016/s0341-8162(99)00004-1,Herweg K,CATENA,58
NN0239,10.4314/wsa.v35i5.49189,Welderufael WA,WATER SA,1
NN0240,https://link.springer.com/article/10.1023/A:1009721411173,Gebrekidan,NUTR CYCL AGROECOSYS,110
NN0250,10.3923/ajps.2007.749.756,Taddesse G,ASIAN J CLANT SCI,94
NN0280.1,10.1016/s0301-6226(02)00176-8,Mpairwe,Livestock Production Science,18
NN0280.2,10.1016/s0301-6226(02)00178-1,Mpairwe,Livestock Production Science,6
NN0329,10.1016/j.smallrumres.2013.05.010,Ermias,Small Ruminant Research,40
NN0334,10.1016/j.livsci.2015.03.021,Getachew,Livestock Science,3
NN0335,,Getinet Y,J ANIM PLANT SCI,16
NN0345,10.1007/s11250-014-0605-6,Yisehak,Tropical Animal Health and Production,4
NN0372,10.1007/s11250-015-0953-x,Hailemariam,Tropical Animal Health and Production,12
NN0373,10.1080/10549811.2016.1175950,Gurmessa B,J SUSTAIN FOREST,13
NN0374,10.1007/s11250-011-0056-2,Mohammed,Tropical Animal Health and Production,6
NN0375,10.1007/s11250-012-0264-4,Megersa,Tropical Animal Health and Production,60
NN0376,10.1071/RJ12054,Haftay H,RANGELAND J,3
NN0377,10.1007/s11250-014-0583-8,Nurfeta,Tropical Animal Health and Production,12
NN0411,10.1016/j.fcr.2019.107628,Bekele,WATER CONSERV SCI ENG,52
NN0412,10.1007/s41101-021-00109-w,Bekele,WATER CONSERV SCI ENG,48
NN0422,10.1016/j.cropro.2019.01.029,Demissie,CROP PROT,16
NN0424,10.1111/j.1461-9563.2007.00324.x,Wale,AGR FOREST ENTOMOL,16
NN0446,10.1155/2023/9102273,Kassa,APPL ENVIRON SOIL SCI,94
NN0447,10.1007/s11104-019-04271-y,Sida,PLANT SOIL,76
NN0448,10.3390/agronomy11112097,Zerssa,AGRON,44
NN0459,10.1016/j.jafr.2023.100551,Chinasho,J AGRIC FOOD RES,46
NN0461,https://journals.sta.uwi.edu/ojs/index.php/ta/article/view/8074,Melaku,TROP AGR,120
NN0469,10.1016/j.pce.2011.07.046,Temesgen,PHYS CHEM EARTH,64
NN0471,10.1155/2022/3208922,Geleta,APPL ENVIRON SOIL SCI,69
NN0477,10.1016/j.heliyon.2021.e06703,Molla,HELIYON,430
NN0478,10.22124/cjes.2022.5759,Abbas,CASP J ENVIRON SCI,20
NN0481,10.1002/fes3.190,Sime,FOOD ENERGY SECUR.,42
NN0492,10.1080/23311932.2020.1801216,Kassa,CONGENT FOOD AGRIC,18
NN0499,10.1017/S0014479721000302,Amare,EXP AGR,240
NN0517,10.1016/j.agsy.2020.102988,Berhanu,AGR SYST,42
NN0518,10.1016/j.eja.2017.10.006,Bote,EUR J AGRON,6
NN0534,10.1016/j.agsy.2021.103338,Mihretie,AGR SYST,13
NN0535,10.1080/23311932.2020.1841357,Derdew,CONGENT FOOD AGRIC,3
NN0539,10.1111/1467-8489.12270,Tessema,J AGRIC RESOUR ECON,2
NN0544,544,Belay,MYCORRHIZA,2
NN0547,10.1007/s40333-018-0097-8,Sultan,J ARID LAND,9
NN0556,10.1080/23311932.2020.1844514,Tafes,CONGENT FOOD AGRIC,39
SP0002,10.1016/j.heliyon.2023.e12967,Nurgi,HELIYON,38
